--
-- PostgreSQL database dump
--

\restrict 91BSSBrDOWhOGG58ABW2noNoeKs7hgfgjEECvwXU7Q51ZmOT1nlXHObjVWeRXio

-- Dumped from database version 15.14 (Debian 15.14-1.pgdg13+1)
-- Dumped by pg_dump version 15.14 (Debian 15.14-1.pgdg13+1)

SET statement_timeout = 0;
SET lock_timeout = 0;
SET idle_in_transaction_session_timeout = 0;
SET client_encoding = 'UTF8';
SET standard_conforming_strings = on;
SELECT pg_catalog.set_config('search_path', '', false);
SET check_function_bodies = false;
SET xmloption = content;
SET client_min_messages = warning;
SET row_security = off;

SET default_tablespace = '';

SET default_table_access_method = heap;

--
-- Name: account_emailaddress; Type: TABLE; Schema: public; Owner: postgres
--

CREATE TABLE public.account_emailaddress (
    id integer NOT NULL,
    email character varying(254) NOT NULL,
    verified boolean NOT NULL,
    "primary" boolean NOT NULL,
    user_id bigint NOT NULL
);


ALTER TABLE public.account_emailaddress OWNER TO postgres;

--
-- Name: account_emailaddress_id_seq; Type: SEQUENCE; Schema: public; Owner: postgres
--

ALTER TABLE public.account_emailaddress ALTER COLUMN id ADD GENERATED BY DEFAULT AS IDENTITY (
    SEQUENCE NAME public.account_emailaddress_id_seq
    START WITH 1
    INCREMENT BY 1
    NO MINVALUE
    NO MAXVALUE
    CACHE 1
);


--
-- Name: account_emailconfirmation; Type: TABLE; Schema: public; Owner: postgres
--

CREATE TABLE public.account_emailconfirmation (
    id integer NOT NULL,
    created timestamp with time zone NOT NULL,
    sent timestamp with time zone,
    key character varying(64) NOT NULL,
    email_address_id integer NOT NULL
);


ALTER TABLE public.account_emailconfirmation OWNER TO postgres;

--
-- Name: account_emailconfirmation_id_seq; Type: SEQUENCE; Schema: public; Owner: postgres
--

ALTER TABLE public.account_emailconfirmation ALTER COLUMN id ADD GENERATED BY DEFAULT AS IDENTITY (
    SEQUENCE NAME public.account_emailconfirmation_id_seq
    START WITH 1
    INCREMENT BY 1
    NO MINVALUE
    NO MAXVALUE
    CACHE 1
);


--
-- Name: auth_group; Type: TABLE; Schema: public; Owner: postgres
--

CREATE TABLE public.auth_group (
    id integer NOT NULL,
    name character varying(150) NOT NULL
);


ALTER TABLE public.auth_group OWNER TO postgres;

--
-- Name: auth_group_id_seq; Type: SEQUENCE; Schema: public; Owner: postgres
--

ALTER TABLE public.auth_group ALTER COLUMN id ADD GENERATED BY DEFAULT AS IDENTITY (
    SEQUENCE NAME public.auth_group_id_seq
    START WITH 1
    INCREMENT BY 1
    NO MINVALUE
    NO MAXVALUE
    CACHE 1
);


--
-- Name: auth_group_permissions; Type: TABLE; Schema: public; Owner: postgres
--

CREATE TABLE public.auth_group_permissions (
    id bigint NOT NULL,
    group_id integer NOT NULL,
    permission_id integer NOT NULL
);


ALTER TABLE public.auth_group_permissions OWNER TO postgres;

--
-- Name: auth_group_permissions_id_seq; Type: SEQUENCE; Schema: public; Owner: postgres
--

ALTER TABLE public.auth_group_permissions ALTER COLUMN id ADD GENERATED BY DEFAULT AS IDENTITY (
    SEQUENCE NAME public.auth_group_permissions_id_seq
    START WITH 1
    INCREMENT BY 1
    NO MINVALUE
    NO MAXVALUE
    CACHE 1
);


--
-- Name: auth_permission; Type: TABLE; Schema: public; Owner: postgres
--

CREATE TABLE public.auth_permission (
    id integer NOT NULL,
    name character varying(255) NOT NULL,
    content_type_id integer NOT NULL,
    codename character varying(100) NOT NULL
);


ALTER TABLE public.auth_permission OWNER TO postgres;

--
-- Name: auth_permission_id_seq; Type: SEQUENCE; Schema: public; Owner: postgres
--

ALTER TABLE public.auth_permission ALTER COLUMN id ADD GENERATED BY DEFAULT AS IDENTITY (
    SEQUENCE NAME public.auth_permission_id_seq
    START WITH 1
    INCREMENT BY 1
    NO MINVALUE
    NO MAXVALUE
    CACHE 1
);


--
-- Name: bookings_booking; Type: TABLE; Schema: public; Owner: postgres
--

CREATE TABLE public.bookings_booking (
    id bigint NOT NULL,
    check_in date NOT NULL,
    check_out date NOT NULL,
    guests integer NOT NULL,
    total_price numeric(10,2) NOT NULL,
    status character varying(20) NOT NULL,
    special_requests text,
    created_at timestamp with time zone NOT NULL,
    updated_at timestamp with time zone NOT NULL,
    cottage_id bigint NOT NULL,
    user_id bigint,
    guest_email character varying(254),
    guest_name character varying(255),
    CONSTRAINT bookings_booking_guests_check CHECK ((guests >= 0))
);


ALTER TABLE public.bookings_booking OWNER TO postgres;

--
-- Name: bookings_booking_id_seq; Type: SEQUENCE; Schema: public; Owner: postgres
--

ALTER TABLE public.bookings_booking ALTER COLUMN id ADD GENERATED BY DEFAULT AS IDENTITY (
    SEQUENCE NAME public.bookings_booking_id_seq
    START WITH 1
    INCREMENT BY 1
    NO MINVALUE
    NO MAXVALUE
    CACHE 1
);


--
-- Name: cottages_amenity; Type: TABLE; Schema: public; Owner: postgres
--

CREATE TABLE public.cottages_amenity (
    id bigint NOT NULL,
    name character varying(100) NOT NULL,
    icon character varying(50) NOT NULL
);


ALTER TABLE public.cottages_amenity OWNER TO postgres;

--
-- Name: cottages_amenity_id_seq; Type: SEQUENCE; Schema: public; Owner: postgres
--

ALTER TABLE public.cottages_amenity ALTER COLUMN id ADD GENERATED BY DEFAULT AS IDENTITY (
    SEQUENCE NAME public.cottages_amenity_id_seq
    START WITH 1
    INCREMENT BY 1
    NO MINVALUE
    NO MAXVALUE
    CACHE 1
);


--
-- Name: cottages_cottage; Type: TABLE; Schema: public; Owner: postgres
--

CREATE TABLE public.cottages_cottage (
    id bigint NOT NULL,
    name character varying(200) NOT NULL,
    description text NOT NULL,
    address text NOT NULL,
    capacity integer NOT NULL,
    price_per_night numeric(10,2) NOT NULL,
    is_active boolean NOT NULL,
    created_at timestamp with time zone NOT NULL,
    updated_at timestamp with time zone NOT NULL,
    CONSTRAINT cottages_cottage_capacity_check CHECK ((capacity >= 0))
);


ALTER TABLE public.cottages_cottage OWNER TO postgres;

--
-- Name: cottages_cottage_id_seq; Type: SEQUENCE; Schema: public; Owner: postgres
--

ALTER TABLE public.cottages_cottage ALTER COLUMN id ADD GENERATED BY DEFAULT AS IDENTITY (
    SEQUENCE NAME public.cottages_cottage_id_seq
    START WITH 1
    INCREMENT BY 1
    NO MINVALUE
    NO MAXVALUE
    CACHE 1
);


--
-- Name: cottages_cottageamenity; Type: TABLE; Schema: public; Owner: postgres
--

CREATE TABLE public.cottages_cottageamenity (
    id bigint NOT NULL,
    amenity_id bigint NOT NULL,
    cottage_id bigint NOT NULL
);


ALTER TABLE public.cottages_cottageamenity OWNER TO postgres;

--
-- Name: cottages_cottageamenity_id_seq; Type: SEQUENCE; Schema: public; Owner: postgres
--

ALTER TABLE public.cottages_cottageamenity ALTER COLUMN id ADD GENERATED BY DEFAULT AS IDENTITY (
    SEQUENCE NAME public.cottages_cottageamenity_id_seq
    START WITH 1
    INCREMENT BY 1
    NO MINVALUE
    NO MAXVALUE
    CACHE 1
);


--
-- Name: cottages_cottageimage; Type: TABLE; Schema: public; Owner: postgres
--

CREATE TABLE public.cottages_cottageimage (
    id bigint NOT NULL,
    image character varying(100) NOT NULL,
    is_primary boolean NOT NULL,
    "order" integer NOT NULL,
    cottage_id bigint NOT NULL,
    CONSTRAINT cottages_cottageimage_order_check CHECK (("order" >= 0))
);


ALTER TABLE public.cottages_cottageimage OWNER TO postgres;

--
-- Name: cottages_cottageimage_id_seq; Type: SEQUENCE; Schema: public; Owner: postgres
--

ALTER TABLE public.cottages_cottageimage ALTER COLUMN id ADD GENERATED BY DEFAULT AS IDENTITY (
    SEQUENCE NAME public.cottages_cottageimage_id_seq
    START WITH 1
    INCREMENT BY 1
    NO MINVALUE
    NO MAXVALUE
    CACHE 1
);


--
-- Name: django_admin_log; Type: TABLE; Schema: public; Owner: postgres
--

CREATE TABLE public.django_admin_log (
    id integer NOT NULL,
    action_time timestamp with time zone NOT NULL,
    object_id text,
    object_repr character varying(200) NOT NULL,
    action_flag smallint NOT NULL,
    change_message text NOT NULL,
    content_type_id integer,
    user_id bigint NOT NULL,
    CONSTRAINT django_admin_log_action_flag_check CHECK ((action_flag >= 0))
);


ALTER TABLE public.django_admin_log OWNER TO postgres;

--
-- Name: django_admin_log_id_seq; Type: SEQUENCE; Schema: public; Owner: postgres
--

ALTER TABLE public.django_admin_log ALTER COLUMN id ADD GENERATED BY DEFAULT AS IDENTITY (
    SEQUENCE NAME public.django_admin_log_id_seq
    START WITH 1
    INCREMENT BY 1
    NO MINVALUE
    NO MAXVALUE
    CACHE 1
);


--
-- Name: django_content_type; Type: TABLE; Schema: public; Owner: postgres
--

CREATE TABLE public.django_content_type (
    id integer NOT NULL,
    app_label character varying(100) NOT NULL,
    model character varying(100) NOT NULL
);


ALTER TABLE public.django_content_type OWNER TO postgres;

--
-- Name: django_content_type_id_seq; Type: SEQUENCE; Schema: public; Owner: postgres
--

ALTER TABLE public.django_content_type ALTER COLUMN id ADD GENERATED BY DEFAULT AS IDENTITY (
    SEQUENCE NAME public.django_content_type_id_seq
    START WITH 1
    INCREMENT BY 1
    NO MINVALUE
    NO MAXVALUE
    CACHE 1
);


--
-- Name: django_migrations; Type: TABLE; Schema: public; Owner: postgres
--

CREATE TABLE public.django_migrations (
    id bigint NOT NULL,
    app character varying(255) NOT NULL,
    name character varying(255) NOT NULL,
    applied timestamp with time zone NOT NULL
);


ALTER TABLE public.django_migrations OWNER TO postgres;

--
-- Name: django_migrations_id_seq; Type: SEQUENCE; Schema: public; Owner: postgres
--

ALTER TABLE public.django_migrations ALTER COLUMN id ADD GENERATED BY DEFAULT AS IDENTITY (
    SEQUENCE NAME public.django_migrations_id_seq
    START WITH 1
    INCREMENT BY 1
    NO MINVALUE
    NO MAXVALUE
    CACHE 1
);


--
-- Name: django_session; Type: TABLE; Schema: public; Owner: postgres
--

CREATE TABLE public.django_session (
    session_key character varying(40) NOT NULL,
    session_data text NOT NULL,
    expire_date timestamp with time zone NOT NULL
);


ALTER TABLE public.django_session OWNER TO postgres;

--
-- Name: django_site; Type: TABLE; Schema: public; Owner: postgres
--

CREATE TABLE public.django_site (
    id integer NOT NULL,
    domain character varying(100) NOT NULL,
    name character varying(50) NOT NULL
);


ALTER TABLE public.django_site OWNER TO postgres;

--
-- Name: django_site_id_seq; Type: SEQUENCE; Schema: public; Owner: postgres
--

ALTER TABLE public.django_site ALTER COLUMN id ADD GENERATED BY DEFAULT AS IDENTITY (
    SEQUENCE NAME public.django_site_id_seq
    START WITH 1
    INCREMENT BY 1
    NO MINVALUE
    NO MAXVALUE
    CACHE 1
);


--
-- Name: leads_callbackrequest; Type: TABLE; Schema: public; Owner: postgres
--

CREATE TABLE public.leads_callbackrequest (
    id bigint NOT NULL,
    phone character varying(20) NOT NULL,
    email character varying(254) NOT NULL,
    message text NOT NULL,
    preferred_time character varying(50) NOT NULL,
    status character varying(20) NOT NULL,
    created_at timestamp with time zone NOT NULL,
    updated_at timestamp with time zone NOT NULL,
    processed_at timestamp with time zone,
    cottage_id bigint,
    first_name character varying(50) NOT NULL,
    last_name character varying(50) NOT NULL,
    middle_name character varying(50) NOT NULL
);


ALTER TABLE public.leads_callbackrequest OWNER TO postgres;

--
-- Name: leads_callbackrequest_id_seq; Type: SEQUENCE; Schema: public; Owner: postgres
--

ALTER TABLE public.leads_callbackrequest ALTER COLUMN id ADD GENERATED BY DEFAULT AS IDENTITY (
    SEQUENCE NAME public.leads_callbackrequest_id_seq
    START WITH 1
    INCREMENT BY 1
    NO MINVALUE
    NO MAXVALUE
    CACHE 1
);


--
-- Name: payments_payment; Type: TABLE; Schema: public; Owner: postgres
--

CREATE TABLE public.payments_payment (
    id bigint NOT NULL,
    amount numeric(10,2) NOT NULL,
    status character varying(20) NOT NULL,
    payment_method character varying(50) NOT NULL,
    transaction_id character varying(100),
    created_at timestamp with time zone NOT NULL,
    updated_at timestamp with time zone NOT NULL,
    booking_id bigint NOT NULL
);


ALTER TABLE public.payments_payment OWNER TO postgres;

--
-- Name: payments_payment_id_seq; Type: SEQUENCE; Schema: public; Owner: postgres
--

ALTER TABLE public.payments_payment ALTER COLUMN id ADD GENERATED BY DEFAULT AS IDENTITY (
    SEQUENCE NAME public.payments_payment_id_seq
    START WITH 1
    INCREMENT BY 1
    NO MINVALUE
    NO MAXVALUE
    CACHE 1
);


--
-- Name: socialaccount_socialaccount; Type: TABLE; Schema: public; Owner: postgres
--

CREATE TABLE public.socialaccount_socialaccount (
    id integer NOT NULL,
    provider character varying(200) NOT NULL,
    uid character varying(191) NOT NULL,
    last_login timestamp with time zone NOT NULL,
    date_joined timestamp with time zone NOT NULL,
    extra_data text NOT NULL,
    user_id bigint NOT NULL
);


ALTER TABLE public.socialaccount_socialaccount OWNER TO postgres;

--
-- Name: socialaccount_socialaccount_id_seq; Type: SEQUENCE; Schema: public; Owner: postgres
--

ALTER TABLE public.socialaccount_socialaccount ALTER COLUMN id ADD GENERATED BY DEFAULT AS IDENTITY (
    SEQUENCE NAME public.socialaccount_socialaccount_id_seq
    START WITH 1
    INCREMENT BY 1
    NO MINVALUE
    NO MAXVALUE
    CACHE 1
);


--
-- Name: socialaccount_socialapp; Type: TABLE; Schema: public; Owner: postgres
--

CREATE TABLE public.socialaccount_socialapp (
    id integer NOT NULL,
    provider character varying(30) NOT NULL,
    name character varying(40) NOT NULL,
    client_id character varying(191) NOT NULL,
    secret character varying(191) NOT NULL,
    key character varying(191) NOT NULL,
    provider_id character varying(200) NOT NULL,
    settings jsonb NOT NULL
);


ALTER TABLE public.socialaccount_socialapp OWNER TO postgres;

--
-- Name: socialaccount_socialapp_id_seq; Type: SEQUENCE; Schema: public; Owner: postgres
--

ALTER TABLE public.socialaccount_socialapp ALTER COLUMN id ADD GENERATED BY DEFAULT AS IDENTITY (
    SEQUENCE NAME public.socialaccount_socialapp_id_seq
    START WITH 1
    INCREMENT BY 1
    NO MINVALUE
    NO MAXVALUE
    CACHE 1
);


--
-- Name: socialaccount_socialapp_sites; Type: TABLE; Schema: public; Owner: postgres
--

CREATE TABLE public.socialaccount_socialapp_sites (
    id bigint NOT NULL,
    socialapp_id integer NOT NULL,
    site_id integer NOT NULL
);


ALTER TABLE public.socialaccount_socialapp_sites OWNER TO postgres;

--
-- Name: socialaccount_socialapp_sites_id_seq; Type: SEQUENCE; Schema: public; Owner: postgres
--

ALTER TABLE public.socialaccount_socialapp_sites ALTER COLUMN id ADD GENERATED BY DEFAULT AS IDENTITY (
    SEQUENCE NAME public.socialaccount_socialapp_sites_id_seq
    START WITH 1
    INCREMENT BY 1
    NO MINVALUE
    NO MAXVALUE
    CACHE 1
);


--
-- Name: socialaccount_socialtoken; Type: TABLE; Schema: public; Owner: postgres
--

CREATE TABLE public.socialaccount_socialtoken (
    id integer NOT NULL,
    token text NOT NULL,
    token_secret text NOT NULL,
    expires_at timestamp with time zone,
    account_id integer NOT NULL,
    app_id integer
);


ALTER TABLE public.socialaccount_socialtoken OWNER TO postgres;

--
-- Name: socialaccount_socialtoken_id_seq; Type: SEQUENCE; Schema: public; Owner: postgres
--

ALTER TABLE public.socialaccount_socialtoken ALTER COLUMN id ADD GENERATED BY DEFAULT AS IDENTITY (
    SEQUENCE NAME public.socialaccount_socialtoken_id_seq
    START WITH 1
    INCREMENT BY 1
    NO MINVALUE
    NO MAXVALUE
    CACHE 1
);


--
-- Name: telegram_bot_telegramuser; Type: TABLE; Schema: public; Owner: postgres
--

CREATE TABLE public.telegram_bot_telegramuser (
    id bigint NOT NULL,
    telegram_id bigint NOT NULL,
    username character varying(100),
    first_name character varying(100),
    last_name character varying(100),
    is_active boolean NOT NULL,
    created_at timestamp with time zone NOT NULL,
    updated_at timestamp with time zone NOT NULL,
    user_id bigint NOT NULL
);


ALTER TABLE public.telegram_bot_telegramuser OWNER TO postgres;

--
-- Name: telegram_bot_telegramuser_id_seq; Type: SEQUENCE; Schema: public; Owner: postgres
--

ALTER TABLE public.telegram_bot_telegramuser ALTER COLUMN id ADD GENERATED BY DEFAULT AS IDENTITY (
    SEQUENCE NAME public.telegram_bot_telegramuser_id_seq
    START WITH 1
    INCREMENT BY 1
    NO MINVALUE
    NO MAXVALUE
    CACHE 1
);


--
-- Name: users_user; Type: TABLE; Schema: public; Owner: postgres
--

CREATE TABLE public.users_user (
    id bigint NOT NULL,
    password character varying(128) NOT NULL,
    last_login timestamp with time zone,
    is_superuser boolean NOT NULL,
    username character varying(150) NOT NULL,
    first_name character varying(150) NOT NULL,
    last_name character varying(150) NOT NULL,
    is_staff boolean NOT NULL,
    is_active boolean NOT NULL,
    date_joined timestamp with time zone NOT NULL,
    email character varying(254) NOT NULL,
    phone character varying(20),
    date_of_birth date,
    is_verified boolean NOT NULL,
    created_at timestamp with time zone NOT NULL,
    updated_at timestamp with time zone NOT NULL,
    middle_name character varying(150) NOT NULL
);


ALTER TABLE public.users_user OWNER TO postgres;

--
-- Name: users_user_groups; Type: TABLE; Schema: public; Owner: postgres
--

CREATE TABLE public.users_user_groups (
    id bigint NOT NULL,
    user_id bigint NOT NULL,
    group_id integer NOT NULL
);


ALTER TABLE public.users_user_groups OWNER TO postgres;

--
-- Name: users_user_groups_id_seq; Type: SEQUENCE; Schema: public; Owner: postgres
--

ALTER TABLE public.users_user_groups ALTER COLUMN id ADD GENERATED BY DEFAULT AS IDENTITY (
    SEQUENCE NAME public.users_user_groups_id_seq
    START WITH 1
    INCREMENT BY 1
    NO MINVALUE
    NO MAXVALUE
    CACHE 1
);


--
-- Name: users_user_id_seq; Type: SEQUENCE; Schema: public; Owner: postgres
--

ALTER TABLE public.users_user ALTER COLUMN id ADD GENERATED BY DEFAULT AS IDENTITY (
    SEQUENCE NAME public.users_user_id_seq
    START WITH 1
    INCREMENT BY 1
    NO MINVALUE
    NO MAXVALUE
    CACHE 1
);


--
-- Name: users_user_user_permissions; Type: TABLE; Schema: public; Owner: postgres
--

CREATE TABLE public.users_user_user_permissions (
    id bigint NOT NULL,
    user_id bigint NOT NULL,
    permission_id integer NOT NULL
);


ALTER TABLE public.users_user_user_permissions OWNER TO postgres;

--
-- Name: users_user_user_permissions_id_seq; Type: SEQUENCE; Schema: public; Owner: postgres
--

ALTER TABLE public.users_user_user_permissions ALTER COLUMN id ADD GENERATED BY DEFAULT AS IDENTITY (
    SEQUENCE NAME public.users_user_user_permissions_id_seq
    START WITH 1
    INCREMENT BY 1
    NO MINVALUE
    NO MAXVALUE
    CACHE 1
);


--
-- Data for Name: account_emailaddress; Type: TABLE DATA; Schema: public; Owner: postgres
--

COPY public.account_emailaddress (id, email, verified, "primary", user_id) FROM stdin;
\.


--
-- Data for Name: account_emailconfirmation; Type: TABLE DATA; Schema: public; Owner: postgres
--

COPY public.account_emailconfirmation (id, created, sent, key, email_address_id) FROM stdin;
\.


--
-- Data for Name: auth_group; Type: TABLE DATA; Schema: public; Owner: postgres
--

COPY public.auth_group (id, name) FROM stdin;
\.


--
-- Data for Name: auth_group_permissions; Type: TABLE DATA; Schema: public; Owner: postgres
--

COPY public.auth_group_permissions (id, group_id, permission_id) FROM stdin;
\.


--
-- Data for Name: auth_permission; Type: TABLE DATA; Schema: public; Owner: postgres
--

COPY public.auth_permission (id, name, content_type_id, codename) FROM stdin;
1	Can add log entry	1	add_logentry
2	Can change log entry	1	change_logentry
3	Can delete log entry	1	delete_logentry
4	Can view log entry	1	view_logentry
5	Can add permission	2	add_permission
6	Can change permission	2	change_permission
7	Can delete permission	2	delete_permission
8	Can view permission	2	view_permission
9	Can add group	3	add_group
10	Can change group	3	change_group
11	Can delete group	3	delete_group
12	Can view group	3	view_group
13	Can add content type	4	add_contenttype
14	Can change content type	4	change_contenttype
15	Can delete content type	4	delete_contenttype
16	Can view content type	4	view_contenttype
17	Can add session	5	add_session
18	Can change session	5	change_session
19	Can delete session	5	delete_session
20	Can view session	5	view_session
21	Can add site	6	add_site
22	Can change site	6	change_site
23	Can delete site	6	delete_site
24	Can view site	6	view_site
25	Can add email address	7	add_emailaddress
26	Can change email address	7	change_emailaddress
27	Can delete email address	7	delete_emailaddress
28	Can view email address	7	view_emailaddress
29	Can add email confirmation	8	add_emailconfirmation
30	Can change email confirmation	8	change_emailconfirmation
31	Can delete email confirmation	8	delete_emailconfirmation
32	Can view email confirmation	8	view_emailconfirmation
33	Can add social account	9	add_socialaccount
34	Can change social account	9	change_socialaccount
35	Can delete social account	9	delete_socialaccount
36	Can view social account	9	view_socialaccount
37	Can add social application	10	add_socialapp
38	Can change social application	10	change_socialapp
39	Can delete social application	10	delete_socialapp
40	Can view social application	10	view_socialapp
41	Can add social application token	11	add_socialtoken
42	Can change social application token	11	change_socialtoken
43	Can delete social application token	11	delete_socialtoken
44	Can view social application token	11	view_socialtoken
45	Can add Пользователь	12	add_user
46	Can change Пользователь	12	change_user
47	Can delete Пользователь	12	delete_user
48	Can view Пользователь	12	view_user
49	Can add Удобство	13	add_amenity
50	Can change Удобство	13	change_amenity
51	Can delete Удобство	13	delete_amenity
52	Can view Удобство	13	view_amenity
53	Can add Коттедж	14	add_cottage
54	Can change Коттедж	14	change_cottage
55	Can delete Коттедж	14	delete_cottage
56	Can view Коттедж	14	view_cottage
57	Can add Изображение коттеджа	15	add_cottageimage
58	Can change Изображение коттеджа	15	change_cottageimage
59	Can delete Изображение коттеджа	15	delete_cottageimage
60	Can view Изображение коттеджа	15	view_cottageimage
61	Can add Удобство коттеджа	16	add_cottageamenity
62	Can change Удобство коттеджа	16	change_cottageamenity
63	Can delete Удобство коттеджа	16	delete_cottageamenity
64	Can view Удобство коттеджа	16	view_cottageamenity
65	Can add Бронирование	17	add_booking
66	Can change Бронирование	17	change_booking
67	Can delete Бронирование	17	delete_booking
68	Can view Бронирование	17	view_booking
69	Can add Платеж	18	add_payment
70	Can change Платеж	18	change_payment
71	Can delete Платеж	18	delete_payment
72	Can view Платеж	18	view_payment
73	Can add Заявка на обратный звонок	19	add_callbackrequest
74	Can change Заявка на обратный звонок	19	change_callbackrequest
75	Can delete Заявка на обратный звонок	19	delete_callbackrequest
76	Can view Заявка на обратный звонок	19	view_callbackrequest
77	Can add Telegram пользователь	20	add_telegramuser
78	Can change Telegram пользователь	20	change_telegramuser
79	Can delete Telegram пользователь	20	delete_telegramuser
80	Can view Telegram пользователь	20	view_telegramuser
\.


--
-- Data for Name: bookings_booking; Type: TABLE DATA; Schema: public; Owner: postgres
--

COPY public.bookings_booking (id, check_in, check_out, guests, total_price, status, special_requests, created_at, updated_at, cottage_id, user_id, guest_email, guest_name) FROM stdin;
3	2025-10-16	2025-10-19	1	11400.00	cancelled		2025-10-01 08:43:00.139666+00	2025-10-01 08:44:43.004668+00	6	1	\N	\N
2	2025-10-09	2025-10-11	2	7600.00	cancelled		2025-10-01 08:39:25.670557+00	2025-10-01 08:44:45.50468+00	6	1	\N	\N
1	2025-10-03	2025-10-05	2	7600.00	cancelled		2025-10-01 07:48:10.889221+00	2025-10-01 08:44:47.115574+00	6	1	\N	\N
4	2025-10-03	2025-10-05	1	7600.00	cancelled		2025-10-01 08:45:04.735616+00	2025-10-01 08:45:51.149611+00	6	1	\N	\N
5	2025-10-03	2025-10-05	2	7600.00	cancelled		2025-10-01 08:46:00.775453+00	2025-10-01 08:48:43.358792+00	6	1	\N	\N
6	2025-10-03	2025-10-05	2	7600.00	cancelled		2025-10-01 08:48:54.349226+00	2025-10-01 08:50:15.575714+00	6	1	\N	\N
7	2025-10-03	2025-10-05	5	9600.00	cancelled		2025-10-01 08:50:23.691215+00	2025-10-01 08:52:11.05268+00	9	1	\N	\N
9	2025-10-03	2025-10-04	1	8500.00	cancelled		2025-10-01 08:54:54.483647+00	2025-10-01 08:57:07.562026+00	7	1	\N	\N
8	2025-10-03	2025-10-05	2	8400.00	cancelled		2025-10-01 08:52:20.21131+00	2025-10-01 08:57:09.711733+00	5	1	\N	\N
10	2025-10-03	2025-10-05	2	7600.00	cancelled		2025-10-01 08:57:22.698617+00	2025-10-01 08:57:27.933408+00	6	1	\N	\N
11	2025-10-10	2025-10-12	2	5600.00	cancelled		2025-10-01 09:28:26.30674+00	2025-10-01 09:28:37.907865+00	4	1	\N	\N
\.


--
-- Data for Name: cottages_amenity; Type: TABLE DATA; Schema: public; Owner: postgres
--

COPY public.cottages_amenity (id, name, icon) FROM stdin;
1	Wi-Fi	fas fa-wifi
2	Парковка	fas fa-car
3	Бассейн	fas fa-swimming-pool
4	Сауна	fas fa-hot-tub
5	Барбекю	fas fa-fire
6	Камин	fas fa-fire
7	Кухня	fas fa-utensils
8	Стиральная машина	fas fa-tshirt
9	Кондиционер	fas fa-snowflake
10	Отопление	fas fa-thermometer-half
11	Телевизор	fas fa-tv
12	Джакузи	fas fa-hot-tub
13	Терраса	fas fa-home
14	Сад	fas fa-tree
15	Детская площадка	fas fa-child
16	Велосипеды	fas fa-bicycle
17	Лодка	fas fa-ship
18	Рыбалка	fas fa-fish
\.


--
-- Data for Name: cottages_cottage; Type: TABLE DATA; Schema: public; Owner: postgres
--

COPY public.cottages_cottage (id, name, description, address, capacity, price_per_night, is_active, created_at, updated_at) FROM stdin;
1	Уютный домик у озера	Прекрасный деревянный коттедж на берегу живописного озера. Идеально подходит для романтического отдыха или семейного отпуска. В доме есть все необходимое для комфортного проживания.	Ленинградская область, Приозерский район, пос. Кузнечное, ул. Озерная, 15	4	3500.00	t	2025-10-01 07:44:53.184138+00	2025-10-01 07:44:53.184156+00
2	Лесной коттедж "Сосны"	Просторный коттедж в сосновом лесу с собственной сауной и бассейном. Отличное место для активного отдыха и релаксации. Вокруг дома - густой лес с грибными местами.	Карелия, Сортавальский район, пос. Рускеала, ул. Лесная, 8	6	5500.00	t	2025-10-01 07:44:53.199532+00	2025-10-01 07:44:53.199544+00
3	Семейный коттедж "Радуга"	Большой семейный коттедж с детской площадкой и множеством развлечений. Идеально подходит для отдыха с детьми. Есть игровая комната и безопасная территория.	Московская область, Истринский район, пос. Снегири, ул. Дачная, 42	8	4500.00	t	2025-10-01 07:44:53.220137+00	2025-10-01 07:44:53.220151+00
4	Романтический домик "Два сердца"	Уютный коттедж для двоих с джакузи и камином. Создан специально для романтического отдыха. Панорамные окна с видом на лес.	Ленинградская область, Выборгский район, пос. Рощино, ул. Романтическая, 3	2	2800.00	t	2025-10-01 07:44:53.258907+00	2025-10-01 07:44:53.258919+00
5	Коттедж "Охотничий"	Стильный коттедж в охотничьем стиле с камином и террасой. Подходит для любителей активного отдыха и охоты. Рядом - охотничьи угодья.	Тверская область, Калининский район, пос. Завидово, ул. Охотничья, 12	5	4200.00	t	2025-10-01 07:44:53.27751+00	2025-10-01 07:44:53.277521+00
6	Водный коттедж "Волна"	Коттедж на берегу реки с собственной лодкой и местом для рыбалки. Идеально для любителей водного отдыха и рыбалки.	Новгородская область, Валдайский район, пос. Валдай, ул. Набережная, 7	4	3800.00	t	2025-10-01 07:44:53.303041+00	2025-10-01 07:44:53.303057+00
7	Люкс коттедж "Премиум"	Роскошный коттедж с сауной, бассейном и джакузи. Высокий уровень комфорта и сервиса. Идеально для особых случаев и корпоративного отдыха.	Московская область, Одинцовский район, пос. Барвиха, ул. Премиум, 1	10	8500.00	t	2025-10-01 07:44:53.322645+00	2025-10-01 07:44:53.322664+00
8	Эко-коттедж "Зеленый"	Экологически чистый коттедж из натуральных материалов. Расположен в заповедной зоне. Идеально для любителей природы и здорового образа жизни.	Карелия, Питкярантский район, пос. Ляскеля, ул. Эко, 5	3	3200.00	t	2025-10-01 07:44:53.358797+00	2025-10-01 07:44:53.35882+00
9	Коттедж "Зимний"	Уютный зимний коттедж с камином и отоплением. Отлично подходит для зимнего отдыха, катания на лыжах и санках. Рядом - горнолыжный склон.	Московская область, Дмитровский район, пос. Сорочаны, ул. Зимняя, 9	6	4800.00	t	2025-10-01 07:44:53.372893+00	2025-10-01 07:44:53.372908+00
10	Семейный коттедж "Большая семья"	Просторный коттедж для большой семьи или компании друзей. Много спальных мест, большая гостиная и кухня. Есть все для комфортного отдыха большой компании.	Ленинградская область, Гатчинский район, пос. Сиверский, ул. Семейная, 25	12	6500.00	t	2025-10-01 07:44:53.399989+00	2025-10-01 07:44:53.4+00
\.


--
-- Data for Name: cottages_cottageamenity; Type: TABLE DATA; Schema: public; Owner: postgres
--

COPY public.cottages_cottageamenity (id, amenity_id, cottage_id) FROM stdin;
1	1	1
2	2	1
3	6	1
4	7	1
5	13	1
6	18	1
7	1	2
8	2	2
9	3	2
10	4	2
11	5	2
12	7	2
13	8	2
14	13	2
15	14	2
16	1	3
17	2	3
18	7	3
19	8	3
20	11	3
21	13	3
22	14	3
23	15	3
24	16	3
25	1	4
26	2	4
27	12	4
28	6	4
29	7	4
30	9	4
31	13	4
32	1	5
33	2	5
34	6	5
35	5	5
36	7	5
37	8	5
38	13	5
39	14	5
40	16	5
41	1	6
42	2	6
43	7	6
44	8	6
45	13	6
46	17	6
47	18	6
48	1	7
49	2	7
50	3	7
51	4	7
52	12	7
53	5	7
54	6	7
55	7	7
56	8	7
57	9	7
58	11	7
59	13	7
60	14	7
61	2	8
62	6	8
63	7	8
64	13	8
65	14	8
66	16	8
67	18	8
68	1	9
69	2	9
70	6	9
71	7	9
72	8	9
73	10	9
74	11	9
75	13	9
76	1	10
77	2	10
78	3	10
79	5	10
80	7	10
81	8	10
82	9	10
83	11	10
84	13	10
85	14	10
86	15	10
87	16	10
\.


--
-- Data for Name: cottages_cottageimage; Type: TABLE DATA; Schema: public; Owner: postgres
--

COPY public.cottages_cottageimage (id, image, is_primary, "order", cottage_id) FROM stdin;
\.


--
-- Data for Name: django_admin_log; Type: TABLE DATA; Schema: public; Owner: postgres
--

COPY public.django_admin_log (id, action_time, object_id, object_repr, action_flag, change_message, content_type_id, user_id) FROM stdin;
1	2025-10-01 07:50:00.450761+00	1	deviluk333@gmail.com	2	[{"changed": {"fields": ["Username", "Email"]}}]	12	1
2	2025-10-01 07:50:28.582108+00	1	deviluk333@gmail.com	2	[{"changed": {"fields": ["password"]}}]	12	1
3	2025-10-01 08:42:06.717732+00	2	tg_894853491@example.com	2	[{"changed": {"fields": ["Staff status"]}}]	12	1
4	2025-10-01 08:46:51.67274+00	2	tg_894853491@example.com	2	[{"changed": {"fields": ["Is verified"]}}]	12	1
5	2025-10-01 08:46:51.673939+00	1	deviluk333@gmail.com	2	[{"changed": {"fields": ["Is verified"]}}]	12	1
6	2025-10-01 08:48:08.346094+00	2	tg_894853491@example.com	3		12	1
7	2025-10-01 08:48:33.961145+00	3	tg_894853491@example.com	2	[{"changed": {"fields": ["Is verified", "Staff status"]}}]	12	1
8	2025-10-01 08:53:57.02847+00	2	tg_894853491@example.com (894853491)	3		20	1
9	2025-10-01 08:54:05.173857+00	3	tg_894853491@example.com	3		12	1
10	2025-10-01 08:54:21.889298+00	4	tg_894853491@example.com	2	[{"changed": {"fields": ["Is verified", "Staff status"]}}]	12	1
\.


--
-- Data for Name: django_content_type; Type: TABLE DATA; Schema: public; Owner: postgres
--

COPY public.django_content_type (id, app_label, model) FROM stdin;
1	admin	logentry
2	auth	permission
3	auth	group
4	contenttypes	contenttype
5	sessions	session
6	sites	site
7	account	emailaddress
8	account	emailconfirmation
9	socialaccount	socialaccount
10	socialaccount	socialapp
11	socialaccount	socialtoken
12	users	user
13	cottages	amenity
14	cottages	cottage
15	cottages	cottageimage
16	cottages	cottageamenity
17	bookings	booking
18	payments	payment
19	leads	callbackrequest
20	telegram_bot	telegramuser
\.


--
-- Data for Name: django_migrations; Type: TABLE DATA; Schema: public; Owner: postgres
--

COPY public.django_migrations (id, app, name, applied) FROM stdin;
1	contenttypes	0001_initial	2025-10-01 07:44:42.546288+00
2	contenttypes	0002_remove_content_type_name	2025-10-01 07:44:42.553084+00
3	auth	0001_initial	2025-10-01 07:44:42.592354+00
4	auth	0002_alter_permission_name_max_length	2025-10-01 07:44:42.596903+00
5	auth	0003_alter_user_email_max_length	2025-10-01 07:44:42.601496+00
6	auth	0004_alter_user_username_opts	2025-10-01 07:44:42.606412+00
7	auth	0005_alter_user_last_login_null	2025-10-01 07:44:42.611685+00
8	auth	0006_require_contenttypes_0002	2025-10-01 07:44:42.614202+00
9	auth	0007_alter_validators_add_error_messages	2025-10-01 07:44:42.61972+00
10	auth	0008_alter_user_username_max_length	2025-10-01 07:44:42.62462+00
11	auth	0009_alter_user_last_name_max_length	2025-10-01 07:44:42.629197+00
12	auth	0010_alter_group_name_max_length	2025-10-01 07:44:42.633863+00
13	auth	0011_update_proxy_permissions	2025-10-01 07:44:42.638686+00
14	auth	0012_alter_user_first_name_max_length	2025-10-01 07:44:42.643423+00
15	users	0001_initial	2025-10-01 07:44:42.70219+00
16	account	0001_initial	2025-10-01 07:44:42.750758+00
17	account	0002_email_max_length	2025-10-01 07:44:42.757834+00
18	account	0003_alter_emailaddress_create_unique_verified_email	2025-10-01 07:44:42.772688+00
19	account	0004_alter_emailaddress_drop_unique_email	2025-10-01 07:44:42.792712+00
20	account	0005_emailaddress_idx_upper_email	2025-10-01 07:44:42.804205+00
21	admin	0001_initial	2025-10-01 07:44:42.824941+00
22	admin	0002_logentry_remove_auto_add	2025-10-01 07:44:42.833352+00
23	admin	0003_logentry_add_action_flag_choices	2025-10-01 07:44:42.839355+00
24	cottages	0001_initial	2025-10-01 07:44:42.887989+00
25	bookings	0001_initial	2025-10-01 07:44:42.912156+00
26	bookings	0002_booking_guest_email_booking_guest_name_and_more	2025-10-01 07:44:42.936857+00
27	leads	0001_initial	2025-10-01 07:44:42.974873+00
28	leads	0002_remove_callbackrequest_name_and_more	2025-10-01 07:44:42.994823+00
29	leads	0003_alter_callbackrequest_first_name_and_more	2025-10-01 07:44:43.009076+00
30	payments	0001_initial	2025-10-01 07:44:43.03014+00
31	sessions	0001_initial	2025-10-01 07:44:43.058274+00
32	sites	0001_initial	2025-10-01 07:44:43.063996+00
33	sites	0002_alter_domain_unique	2025-10-01 07:44:43.072446+00
34	socialaccount	0001_initial	2025-10-01 07:44:43.159311+00
35	socialaccount	0002_token_max_lengths	2025-10-01 07:44:43.179207+00
36	socialaccount	0003_extra_data_default_dict	2025-10-01 07:44:43.188434+00
37	socialaccount	0004_app_provider_id_settings	2025-10-01 07:44:43.204445+00
38	socialaccount	0005_socialtoken_nullable_app	2025-10-01 07:44:43.223717+00
39	telegram_bot	0001_initial	2025-10-01 07:44:43.245712+00
40	users	0002_remove_user_avatar	2025-10-01 07:44:43.254061+00
41	users	0003_user_middle_name_alter_user_first_name_and_more	2025-10-01 07:44:43.277725+00
\.


--
-- Data for Name: django_session; Type: TABLE DATA; Schema: public; Owner: postgres
--

COPY public.django_session (session_key, session_data, expire_date) FROM stdin;
\.


--
-- Data for Name: django_site; Type: TABLE DATA; Schema: public; Owner: postgres
--

COPY public.django_site (id, domain, name) FROM stdin;
1	example.com	example.com
\.


--
-- Data for Name: leads_callbackrequest; Type: TABLE DATA; Schema: public; Owner: postgres
--

COPY public.leads_callbackrequest (id, phone, email, message, preferred_time, status, created_at, updated_at, processed_at, cottage_id, first_name, last_name, middle_name) FROM stdin;
1	+78549657854				new	2025-10-01 08:58:06.926365+00	2025-10-01 08:58:06.92638+00	\N	\N	кек	лол	
\.


--
-- Data for Name: payments_payment; Type: TABLE DATA; Schema: public; Owner: postgres
--

COPY public.payments_payment (id, amount, status, payment_method, transaction_id, created_at, updated_at, booking_id) FROM stdin;
\.


--
-- Data for Name: socialaccount_socialaccount; Type: TABLE DATA; Schema: public; Owner: postgres
--

COPY public.socialaccount_socialaccount (id, provider, uid, last_login, date_joined, extra_data, user_id) FROM stdin;
\.


--
-- Data for Name: socialaccount_socialapp; Type: TABLE DATA; Schema: public; Owner: postgres
--

COPY public.socialaccount_socialapp (id, provider, name, client_id, secret, key, provider_id, settings) FROM stdin;
\.


--
-- Data for Name: socialaccount_socialapp_sites; Type: TABLE DATA; Schema: public; Owner: postgres
--

COPY public.socialaccount_socialapp_sites (id, socialapp_id, site_id) FROM stdin;
\.


--
-- Data for Name: socialaccount_socialtoken; Type: TABLE DATA; Schema: public; Owner: postgres
--

COPY public.socialaccount_socialtoken (id, token, token_secret, expires_at, account_id, app_id) FROM stdin;
\.


--
-- Data for Name: telegram_bot_telegramuser; Type: TABLE DATA; Schema: public; Owner: postgres
--

COPY public.telegram_bot_telegramuser (id, telegram_id, username, first_name, last_name, is_active, created_at, updated_at, user_id) FROM stdin;
3	894853491	Kimanli	Andrei	Kim	t	2025-10-01 08:54:11.760213+00	2025-10-01 08:57:49.160671+00	4
\.


--
-- Data for Name: users_user; Type: TABLE DATA; Schema: public; Owner: postgres
--

COPY public.users_user (id, password, last_login, is_superuser, username, first_name, last_name, is_staff, is_active, date_joined, email, phone, date_of_birth, is_verified, created_at, updated_at, middle_name) FROM stdin;
1	pbkdf2_sha256$600000$HmBswo3b7M6XYUBg5RdmRm$OrVCL9DTjKs0yCX2J1JCa8PuEDDzrJtX0BdfiAuMBCQ=	2025-10-01 07:46:49.918536+00	t	Andrei			t	t	2025-10-01 07:46:15.223866+00	deviluk333@gmail.com	\N	\N	t	2025-10-01 07:46:15.306983+00	2025-10-01 08:46:51.673427+00	
4		\N	f	tg_894853491	Andrei	Kim	t	t	2025-10-01 08:54:11.756574+00	tg_894853491@example.com	\N	\N	t	2025-10-01 08:54:11.756733+00	2025-10-01 08:54:21.886911+00	
\.


--
-- Data for Name: users_user_groups; Type: TABLE DATA; Schema: public; Owner: postgres
--

COPY public.users_user_groups (id, user_id, group_id) FROM stdin;
\.


--
-- Data for Name: users_user_user_permissions; Type: TABLE DATA; Schema: public; Owner: postgres
--

COPY public.users_user_user_permissions (id, user_id, permission_id) FROM stdin;
\.


--
-- Name: account_emailaddress_id_seq; Type: SEQUENCE SET; Schema: public; Owner: postgres
--

SELECT pg_catalog.setval('public.account_emailaddress_id_seq', 1, false);


--
-- Name: account_emailconfirmation_id_seq; Type: SEQUENCE SET; Schema: public; Owner: postgres
--

SELECT pg_catalog.setval('public.account_emailconfirmation_id_seq', 1, false);


--
-- Name: auth_group_id_seq; Type: SEQUENCE SET; Schema: public; Owner: postgres
--

SELECT pg_catalog.setval('public.auth_group_id_seq', 1, false);


--
-- Name: auth_group_permissions_id_seq; Type: SEQUENCE SET; Schema: public; Owner: postgres
--

SELECT pg_catalog.setval('public.auth_group_permissions_id_seq', 1, false);


--
-- Name: auth_permission_id_seq; Type: SEQUENCE SET; Schema: public; Owner: postgres
--

SELECT pg_catalog.setval('public.auth_permission_id_seq', 80, true);


--
-- Name: bookings_booking_id_seq; Type: SEQUENCE SET; Schema: public; Owner: postgres
--

SELECT pg_catalog.setval('public.bookings_booking_id_seq', 11, true);


--
-- Name: cottages_amenity_id_seq; Type: SEQUENCE SET; Schema: public; Owner: postgres
--

SELECT pg_catalog.setval('public.cottages_amenity_id_seq', 18, true);


--
-- Name: cottages_cottage_id_seq; Type: SEQUENCE SET; Schema: public; Owner: postgres
--

SELECT pg_catalog.setval('public.cottages_cottage_id_seq', 10, true);


--
-- Name: cottages_cottageamenity_id_seq; Type: SEQUENCE SET; Schema: public; Owner: postgres
--

SELECT pg_catalog.setval('public.cottages_cottageamenity_id_seq', 87, true);


--
-- Name: cottages_cottageimage_id_seq; Type: SEQUENCE SET; Schema: public; Owner: postgres
--

SELECT pg_catalog.setval('public.cottages_cottageimage_id_seq', 1, false);


--
-- Name: django_admin_log_id_seq; Type: SEQUENCE SET; Schema: public; Owner: postgres
--

SELECT pg_catalog.setval('public.django_admin_log_id_seq', 10, true);


--
-- Name: django_content_type_id_seq; Type: SEQUENCE SET; Schema: public; Owner: postgres
--

SELECT pg_catalog.setval('public.django_content_type_id_seq', 20, true);


--
-- Name: django_migrations_id_seq; Type: SEQUENCE SET; Schema: public; Owner: postgres
--

SELECT pg_catalog.setval('public.django_migrations_id_seq', 41, true);


--
-- Name: django_site_id_seq; Type: SEQUENCE SET; Schema: public; Owner: postgres
--

SELECT pg_catalog.setval('public.django_site_id_seq', 1, true);


--
-- Name: leads_callbackrequest_id_seq; Type: SEQUENCE SET; Schema: public; Owner: postgres
--

SELECT pg_catalog.setval('public.leads_callbackrequest_id_seq', 1, true);


--
-- Name: payments_payment_id_seq; Type: SEQUENCE SET; Schema: public; Owner: postgres
--

SELECT pg_catalog.setval('public.payments_payment_id_seq', 1, false);


--
-- Name: socialaccount_socialaccount_id_seq; Type: SEQUENCE SET; Schema: public; Owner: postgres
--

SELECT pg_catalog.setval('public.socialaccount_socialaccount_id_seq', 1, false);


--
-- Name: socialaccount_socialapp_id_seq; Type: SEQUENCE SET; Schema: public; Owner: postgres
--

SELECT pg_catalog.setval('public.socialaccount_socialapp_id_seq', 1, false);


--
-- Name: socialaccount_socialapp_sites_id_seq; Type: SEQUENCE SET; Schema: public; Owner: postgres
--

SELECT pg_catalog.setval('public.socialaccount_socialapp_sites_id_seq', 1, false);


--
-- Name: socialaccount_socialtoken_id_seq; Type: SEQUENCE SET; Schema: public; Owner: postgres
--

SELECT pg_catalog.setval('public.socialaccount_socialtoken_id_seq', 1, false);


--
-- Name: telegram_bot_telegramuser_id_seq; Type: SEQUENCE SET; Schema: public; Owner: postgres
--

SELECT pg_catalog.setval('public.telegram_bot_telegramuser_id_seq', 3, true);


--
-- Name: users_user_groups_id_seq; Type: SEQUENCE SET; Schema: public; Owner: postgres
--

SELECT pg_catalog.setval('public.users_user_groups_id_seq', 1, false);


--
-- Name: users_user_id_seq; Type: SEQUENCE SET; Schema: public; Owner: postgres
--

SELECT pg_catalog.setval('public.users_user_id_seq', 4, true);


--
-- Name: users_user_user_permissions_id_seq; Type: SEQUENCE SET; Schema: public; Owner: postgres
--

SELECT pg_catalog.setval('public.users_user_user_permissions_id_seq', 1, false);


--
-- Name: account_emailaddress account_emailaddress_pkey; Type: CONSTRAINT; Schema: public; Owner: postgres
--

ALTER TABLE ONLY public.account_emailaddress
    ADD CONSTRAINT account_emailaddress_pkey PRIMARY KEY (id);


--
-- Name: account_emailaddress account_emailaddress_user_id_email_987c8728_uniq; Type: CONSTRAINT; Schema: public; Owner: postgres
--

ALTER TABLE ONLY public.account_emailaddress
    ADD CONSTRAINT account_emailaddress_user_id_email_987c8728_uniq UNIQUE (user_id, email);


--
-- Name: account_emailconfirmation account_emailconfirmation_key_key; Type: CONSTRAINT; Schema: public; Owner: postgres
--

ALTER TABLE ONLY public.account_emailconfirmation
    ADD CONSTRAINT account_emailconfirmation_key_key UNIQUE (key);


--
-- Name: account_emailconfirmation account_emailconfirmation_pkey; Type: CONSTRAINT; Schema: public; Owner: postgres
--

ALTER TABLE ONLY public.account_emailconfirmation
    ADD CONSTRAINT account_emailconfirmation_pkey PRIMARY KEY (id);


--
-- Name: auth_group auth_group_name_key; Type: CONSTRAINT; Schema: public; Owner: postgres
--

ALTER TABLE ONLY public.auth_group
    ADD CONSTRAINT auth_group_name_key UNIQUE (name);


--
-- Name: auth_group_permissions auth_group_permissions_group_id_permission_id_0cd325b0_uniq; Type: CONSTRAINT; Schema: public; Owner: postgres
--

ALTER TABLE ONLY public.auth_group_permissions
    ADD CONSTRAINT auth_group_permissions_group_id_permission_id_0cd325b0_uniq UNIQUE (group_id, permission_id);


--
-- Name: auth_group_permissions auth_group_permissions_pkey; Type: CONSTRAINT; Schema: public; Owner: postgres
--

ALTER TABLE ONLY public.auth_group_permissions
    ADD CONSTRAINT auth_group_permissions_pkey PRIMARY KEY (id);


--
-- Name: auth_group auth_group_pkey; Type: CONSTRAINT; Schema: public; Owner: postgres
--

ALTER TABLE ONLY public.auth_group
    ADD CONSTRAINT auth_group_pkey PRIMARY KEY (id);


--
-- Name: auth_permission auth_permission_content_type_id_codename_01ab375a_uniq; Type: CONSTRAINT; Schema: public; Owner: postgres
--

ALTER TABLE ONLY public.auth_permission
    ADD CONSTRAINT auth_permission_content_type_id_codename_01ab375a_uniq UNIQUE (content_type_id, codename);


--
-- Name: auth_permission auth_permission_pkey; Type: CONSTRAINT; Schema: public; Owner: postgres
--

ALTER TABLE ONLY public.auth_permission
    ADD CONSTRAINT auth_permission_pkey PRIMARY KEY (id);


--
-- Name: bookings_booking bookings_booking_pkey; Type: CONSTRAINT; Schema: public; Owner: postgres
--

ALTER TABLE ONLY public.bookings_booking
    ADD CONSTRAINT bookings_booking_pkey PRIMARY KEY (id);


--
-- Name: cottages_amenity cottages_amenity_pkey; Type: CONSTRAINT; Schema: public; Owner: postgres
--

ALTER TABLE ONLY public.cottages_amenity
    ADD CONSTRAINT cottages_amenity_pkey PRIMARY KEY (id);


--
-- Name: cottages_cottage cottages_cottage_pkey; Type: CONSTRAINT; Schema: public; Owner: postgres
--

ALTER TABLE ONLY public.cottages_cottage
    ADD CONSTRAINT cottages_cottage_pkey PRIMARY KEY (id);


--
-- Name: cottages_cottageamenity cottages_cottageamenity_cottage_id_amenity_id_a8b91dc7_uniq; Type: CONSTRAINT; Schema: public; Owner: postgres
--

ALTER TABLE ONLY public.cottages_cottageamenity
    ADD CONSTRAINT cottages_cottageamenity_cottage_id_amenity_id_a8b91dc7_uniq UNIQUE (cottage_id, amenity_id);


--
-- Name: cottages_cottageamenity cottages_cottageamenity_pkey; Type: CONSTRAINT; Schema: public; Owner: postgres
--

ALTER TABLE ONLY public.cottages_cottageamenity
    ADD CONSTRAINT cottages_cottageamenity_pkey PRIMARY KEY (id);


--
-- Name: cottages_cottageimage cottages_cottageimage_pkey; Type: CONSTRAINT; Schema: public; Owner: postgres
--

ALTER TABLE ONLY public.cottages_cottageimage
    ADD CONSTRAINT cottages_cottageimage_pkey PRIMARY KEY (id);


--
-- Name: django_admin_log django_admin_log_pkey; Type: CONSTRAINT; Schema: public; Owner: postgres
--

ALTER TABLE ONLY public.django_admin_log
    ADD CONSTRAINT django_admin_log_pkey PRIMARY KEY (id);


--
-- Name: django_content_type django_content_type_app_label_model_76bd3d3b_uniq; Type: CONSTRAINT; Schema: public; Owner: postgres
--

ALTER TABLE ONLY public.django_content_type
    ADD CONSTRAINT django_content_type_app_label_model_76bd3d3b_uniq UNIQUE (app_label, model);


--
-- Name: django_content_type django_content_type_pkey; Type: CONSTRAINT; Schema: public; Owner: postgres
--

ALTER TABLE ONLY public.django_content_type
    ADD CONSTRAINT django_content_type_pkey PRIMARY KEY (id);


--
-- Name: django_migrations django_migrations_pkey; Type: CONSTRAINT; Schema: public; Owner: postgres
--

ALTER TABLE ONLY public.django_migrations
    ADD CONSTRAINT django_migrations_pkey PRIMARY KEY (id);


--
-- Name: django_session django_session_pkey; Type: CONSTRAINT; Schema: public; Owner: postgres
--

ALTER TABLE ONLY public.django_session
    ADD CONSTRAINT django_session_pkey PRIMARY KEY (session_key);


--
-- Name: django_site django_site_domain_a2e37b91_uniq; Type: CONSTRAINT; Schema: public; Owner: postgres
--

ALTER TABLE ONLY public.django_site
    ADD CONSTRAINT django_site_domain_a2e37b91_uniq UNIQUE (domain);


--
-- Name: django_site django_site_pkey; Type: CONSTRAINT; Schema: public; Owner: postgres
--

ALTER TABLE ONLY public.django_site
    ADD CONSTRAINT django_site_pkey PRIMARY KEY (id);


--
-- Name: leads_callbackrequest leads_callbackrequest_pkey; Type: CONSTRAINT; Schema: public; Owner: postgres
--

ALTER TABLE ONLY public.leads_callbackrequest
    ADD CONSTRAINT leads_callbackrequest_pkey PRIMARY KEY (id);


--
-- Name: payments_payment payments_payment_booking_id_key; Type: CONSTRAINT; Schema: public; Owner: postgres
--

ALTER TABLE ONLY public.payments_payment
    ADD CONSTRAINT payments_payment_booking_id_key UNIQUE (booking_id);


--
-- Name: payments_payment payments_payment_pkey; Type: CONSTRAINT; Schema: public; Owner: postgres
--

ALTER TABLE ONLY public.payments_payment
    ADD CONSTRAINT payments_payment_pkey PRIMARY KEY (id);


--
-- Name: socialaccount_socialaccount socialaccount_socialaccount_pkey; Type: CONSTRAINT; Schema: public; Owner: postgres
--

ALTER TABLE ONLY public.socialaccount_socialaccount
    ADD CONSTRAINT socialaccount_socialaccount_pkey PRIMARY KEY (id);


--
-- Name: socialaccount_socialaccount socialaccount_socialaccount_provider_uid_fc810c6e_uniq; Type: CONSTRAINT; Schema: public; Owner: postgres
--

ALTER TABLE ONLY public.socialaccount_socialaccount
    ADD CONSTRAINT socialaccount_socialaccount_provider_uid_fc810c6e_uniq UNIQUE (provider, uid);


--
-- Name: socialaccount_socialapp_sites socialaccount_socialapp__socialapp_id_site_id_71a9a768_uniq; Type: CONSTRAINT; Schema: public; Owner: postgres
--

ALTER TABLE ONLY public.socialaccount_socialapp_sites
    ADD CONSTRAINT socialaccount_socialapp__socialapp_id_site_id_71a9a768_uniq UNIQUE (socialapp_id, site_id);


--
-- Name: socialaccount_socialapp socialaccount_socialapp_pkey; Type: CONSTRAINT; Schema: public; Owner: postgres
--

ALTER TABLE ONLY public.socialaccount_socialapp
    ADD CONSTRAINT socialaccount_socialapp_pkey PRIMARY KEY (id);


--
-- Name: socialaccount_socialapp_sites socialaccount_socialapp_sites_pkey; Type: CONSTRAINT; Schema: public; Owner: postgres
--

ALTER TABLE ONLY public.socialaccount_socialapp_sites
    ADD CONSTRAINT socialaccount_socialapp_sites_pkey PRIMARY KEY (id);


--
-- Name: socialaccount_socialtoken socialaccount_socialtoken_app_id_account_id_fca4e0ac_uniq; Type: CONSTRAINT; Schema: public; Owner: postgres
--

ALTER TABLE ONLY public.socialaccount_socialtoken
    ADD CONSTRAINT socialaccount_socialtoken_app_id_account_id_fca4e0ac_uniq UNIQUE (app_id, account_id);


--
-- Name: socialaccount_socialtoken socialaccount_socialtoken_pkey; Type: CONSTRAINT; Schema: public; Owner: postgres
--

ALTER TABLE ONLY public.socialaccount_socialtoken
    ADD CONSTRAINT socialaccount_socialtoken_pkey PRIMARY KEY (id);


--
-- Name: telegram_bot_telegramuser telegram_bot_telegramuser_pkey; Type: CONSTRAINT; Schema: public; Owner: postgres
--

ALTER TABLE ONLY public.telegram_bot_telegramuser
    ADD CONSTRAINT telegram_bot_telegramuser_pkey PRIMARY KEY (id);


--
-- Name: telegram_bot_telegramuser telegram_bot_telegramuser_telegram_id_key; Type: CONSTRAINT; Schema: public; Owner: postgres
--

ALTER TABLE ONLY public.telegram_bot_telegramuser
    ADD CONSTRAINT telegram_bot_telegramuser_telegram_id_key UNIQUE (telegram_id);


--
-- Name: telegram_bot_telegramuser telegram_bot_telegramuser_user_id_key; Type: CONSTRAINT; Schema: public; Owner: postgres
--

ALTER TABLE ONLY public.telegram_bot_telegramuser
    ADD CONSTRAINT telegram_bot_telegramuser_user_id_key UNIQUE (user_id);


--
-- Name: users_user users_user_email_key; Type: CONSTRAINT; Schema: public; Owner: postgres
--

ALTER TABLE ONLY public.users_user
    ADD CONSTRAINT users_user_email_key UNIQUE (email);


--
-- Name: users_user_groups users_user_groups_pkey; Type: CONSTRAINT; Schema: public; Owner: postgres
--

ALTER TABLE ONLY public.users_user_groups
    ADD CONSTRAINT users_user_groups_pkey PRIMARY KEY (id);


--
-- Name: users_user_groups users_user_groups_user_id_group_id_b88eab82_uniq; Type: CONSTRAINT; Schema: public; Owner: postgres
--

ALTER TABLE ONLY public.users_user_groups
    ADD CONSTRAINT users_user_groups_user_id_group_id_b88eab82_uniq UNIQUE (user_id, group_id);


--
-- Name: users_user users_user_pkey; Type: CONSTRAINT; Schema: public; Owner: postgres
--

ALTER TABLE ONLY public.users_user
    ADD CONSTRAINT users_user_pkey PRIMARY KEY (id);


--
-- Name: users_user_user_permissions users_user_user_permissions_pkey; Type: CONSTRAINT; Schema: public; Owner: postgres
--

ALTER TABLE ONLY public.users_user_user_permissions
    ADD CONSTRAINT users_user_user_permissions_pkey PRIMARY KEY (id);


--
-- Name: users_user_user_permissions users_user_user_permissions_user_id_permission_id_43338c45_uniq; Type: CONSTRAINT; Schema: public; Owner: postgres
--

ALTER TABLE ONLY public.users_user_user_permissions
    ADD CONSTRAINT users_user_user_permissions_user_id_permission_id_43338c45_uniq UNIQUE (user_id, permission_id);


--
-- Name: users_user users_user_username_key; Type: CONSTRAINT; Schema: public; Owner: postgres
--

ALTER TABLE ONLY public.users_user
    ADD CONSTRAINT users_user_username_key UNIQUE (username);


--
-- Name: account_emailaddress_upper; Type: INDEX; Schema: public; Owner: postgres
--

CREATE INDEX account_emailaddress_upper ON public.account_emailaddress USING btree (upper((email)::text));


--
-- Name: account_emailaddress_user_id_2c513194; Type: INDEX; Schema: public; Owner: postgres
--

CREATE INDEX account_emailaddress_user_id_2c513194 ON public.account_emailaddress USING btree (user_id);


--
-- Name: account_emailconfirmation_email_address_id_5b7f8c58; Type: INDEX; Schema: public; Owner: postgres
--

CREATE INDEX account_emailconfirmation_email_address_id_5b7f8c58 ON public.account_emailconfirmation USING btree (email_address_id);


--
-- Name: account_emailconfirmation_key_f43612bd_like; Type: INDEX; Schema: public; Owner: postgres
--

CREATE INDEX account_emailconfirmation_key_f43612bd_like ON public.account_emailconfirmation USING btree (key varchar_pattern_ops);


--
-- Name: auth_group_name_a6ea08ec_like; Type: INDEX; Schema: public; Owner: postgres
--

CREATE INDEX auth_group_name_a6ea08ec_like ON public.auth_group USING btree (name varchar_pattern_ops);


--
-- Name: auth_group_permissions_group_id_b120cbf9; Type: INDEX; Schema: public; Owner: postgres
--

CREATE INDEX auth_group_permissions_group_id_b120cbf9 ON public.auth_group_permissions USING btree (group_id);


--
-- Name: auth_group_permissions_permission_id_84c5c92e; Type: INDEX; Schema: public; Owner: postgres
--

CREATE INDEX auth_group_permissions_permission_id_84c5c92e ON public.auth_group_permissions USING btree (permission_id);


--
-- Name: auth_permission_content_type_id_2f476e4b; Type: INDEX; Schema: public; Owner: postgres
--

CREATE INDEX auth_permission_content_type_id_2f476e4b ON public.auth_permission USING btree (content_type_id);


--
-- Name: bookings_booking_cottage_id_e0c44d3f; Type: INDEX; Schema: public; Owner: postgres
--

CREATE INDEX bookings_booking_cottage_id_e0c44d3f ON public.bookings_booking USING btree (cottage_id);


--
-- Name: bookings_booking_user_id_834dfc23; Type: INDEX; Schema: public; Owner: postgres
--

CREATE INDEX bookings_booking_user_id_834dfc23 ON public.bookings_booking USING btree (user_id);


--
-- Name: cottages_cottageamenity_amenity_id_7b15d0f6; Type: INDEX; Schema: public; Owner: postgres
--

CREATE INDEX cottages_cottageamenity_amenity_id_7b15d0f6 ON public.cottages_cottageamenity USING btree (amenity_id);


--
-- Name: cottages_cottageamenity_cottage_id_969cceed; Type: INDEX; Schema: public; Owner: postgres
--

CREATE INDEX cottages_cottageamenity_cottage_id_969cceed ON public.cottages_cottageamenity USING btree (cottage_id);


--
-- Name: cottages_cottageimage_cottage_id_248d2cdb; Type: INDEX; Schema: public; Owner: postgres
--

CREATE INDEX cottages_cottageimage_cottage_id_248d2cdb ON public.cottages_cottageimage USING btree (cottage_id);


--
-- Name: django_admin_log_content_type_id_c4bce8eb; Type: INDEX; Schema: public; Owner: postgres
--

CREATE INDEX django_admin_log_content_type_id_c4bce8eb ON public.django_admin_log USING btree (content_type_id);


--
-- Name: django_admin_log_user_id_c564eba6; Type: INDEX; Schema: public; Owner: postgres
--

CREATE INDEX django_admin_log_user_id_c564eba6 ON public.django_admin_log USING btree (user_id);


--
-- Name: django_session_expire_date_a5c62663; Type: INDEX; Schema: public; Owner: postgres
--

CREATE INDEX django_session_expire_date_a5c62663 ON public.django_session USING btree (expire_date);


--
-- Name: django_session_session_key_c0390e0f_like; Type: INDEX; Schema: public; Owner: postgres
--

CREATE INDEX django_session_session_key_c0390e0f_like ON public.django_session USING btree (session_key varchar_pattern_ops);


--
-- Name: django_site_domain_a2e37b91_like; Type: INDEX; Schema: public; Owner: postgres
--

CREATE INDEX django_site_domain_a2e37b91_like ON public.django_site USING btree (domain varchar_pattern_ops);


--
-- Name: leads_callbackrequest_cottage_id_52fac39d; Type: INDEX; Schema: public; Owner: postgres
--

CREATE INDEX leads_callbackrequest_cottage_id_52fac39d ON public.leads_callbackrequest USING btree (cottage_id);


--
-- Name: socialaccount_socialaccount_user_id_8146e70c; Type: INDEX; Schema: public; Owner: postgres
--

CREATE INDEX socialaccount_socialaccount_user_id_8146e70c ON public.socialaccount_socialaccount USING btree (user_id);


--
-- Name: socialaccount_socialapp_sites_site_id_2579dee5; Type: INDEX; Schema: public; Owner: postgres
--

CREATE INDEX socialaccount_socialapp_sites_site_id_2579dee5 ON public.socialaccount_socialapp_sites USING btree (site_id);


--
-- Name: socialaccount_socialapp_sites_socialapp_id_97fb6e7d; Type: INDEX; Schema: public; Owner: postgres
--

CREATE INDEX socialaccount_socialapp_sites_socialapp_id_97fb6e7d ON public.socialaccount_socialapp_sites USING btree (socialapp_id);


--
-- Name: socialaccount_socialtoken_account_id_951f210e; Type: INDEX; Schema: public; Owner: postgres
--

CREATE INDEX socialaccount_socialtoken_account_id_951f210e ON public.socialaccount_socialtoken USING btree (account_id);


--
-- Name: socialaccount_socialtoken_app_id_636a42d7; Type: INDEX; Schema: public; Owner: postgres
--

CREATE INDEX socialaccount_socialtoken_app_id_636a42d7 ON public.socialaccount_socialtoken USING btree (app_id);


--
-- Name: unique_verified_email; Type: INDEX; Schema: public; Owner: postgres
--

CREATE UNIQUE INDEX unique_verified_email ON public.account_emailaddress USING btree (email) WHERE verified;


--
-- Name: users_user_email_243f6e77_like; Type: INDEX; Schema: public; Owner: postgres
--

CREATE INDEX users_user_email_243f6e77_like ON public.users_user USING btree (email varchar_pattern_ops);


--
-- Name: users_user_groups_group_id_9afc8d0e; Type: INDEX; Schema: public; Owner: postgres
--

CREATE INDEX users_user_groups_group_id_9afc8d0e ON public.users_user_groups USING btree (group_id);


--
-- Name: users_user_groups_user_id_5f6f5a90; Type: INDEX; Schema: public; Owner: postgres
--

CREATE INDEX users_user_groups_user_id_5f6f5a90 ON public.users_user_groups USING btree (user_id);


--
-- Name: users_user_user_permissions_permission_id_0b93982e; Type: INDEX; Schema: public; Owner: postgres
--

CREATE INDEX users_user_user_permissions_permission_id_0b93982e ON public.users_user_user_permissions USING btree (permission_id);


--
-- Name: users_user_user_permissions_user_id_20aca447; Type: INDEX; Schema: public; Owner: postgres
--

CREATE INDEX users_user_user_permissions_user_id_20aca447 ON public.users_user_user_permissions USING btree (user_id);


--
-- Name: users_user_username_06e46fe6_like; Type: INDEX; Schema: public; Owner: postgres
--

CREATE INDEX users_user_username_06e46fe6_like ON public.users_user USING btree (username varchar_pattern_ops);


--
-- Name: account_emailaddress account_emailaddress_user_id_2c513194_fk_users_user_id; Type: FK CONSTRAINT; Schema: public; Owner: postgres
--

ALTER TABLE ONLY public.account_emailaddress
    ADD CONSTRAINT account_emailaddress_user_id_2c513194_fk_users_user_id FOREIGN KEY (user_id) REFERENCES public.users_user(id) DEFERRABLE INITIALLY DEFERRED;


--
-- Name: account_emailconfirmation account_emailconfirm_email_address_id_5b7f8c58_fk_account_e; Type: FK CONSTRAINT; Schema: public; Owner: postgres
--

ALTER TABLE ONLY public.account_emailconfirmation
    ADD CONSTRAINT account_emailconfirm_email_address_id_5b7f8c58_fk_account_e FOREIGN KEY (email_address_id) REFERENCES public.account_emailaddress(id) DEFERRABLE INITIALLY DEFERRED;


--
-- Name: auth_group_permissions auth_group_permissio_permission_id_84c5c92e_fk_auth_perm; Type: FK CONSTRAINT; Schema: public; Owner: postgres
--

ALTER TABLE ONLY public.auth_group_permissions
    ADD CONSTRAINT auth_group_permissio_permission_id_84c5c92e_fk_auth_perm FOREIGN KEY (permission_id) REFERENCES public.auth_permission(id) DEFERRABLE INITIALLY DEFERRED;


--
-- Name: auth_group_permissions auth_group_permissions_group_id_b120cbf9_fk_auth_group_id; Type: FK CONSTRAINT; Schema: public; Owner: postgres
--

ALTER TABLE ONLY public.auth_group_permissions
    ADD CONSTRAINT auth_group_permissions_group_id_b120cbf9_fk_auth_group_id FOREIGN KEY (group_id) REFERENCES public.auth_group(id) DEFERRABLE INITIALLY DEFERRED;


--
-- Name: auth_permission auth_permission_content_type_id_2f476e4b_fk_django_co; Type: FK CONSTRAINT; Schema: public; Owner: postgres
--

ALTER TABLE ONLY public.auth_permission
    ADD CONSTRAINT auth_permission_content_type_id_2f476e4b_fk_django_co FOREIGN KEY (content_type_id) REFERENCES public.django_content_type(id) DEFERRABLE INITIALLY DEFERRED;


--
-- Name: bookings_booking bookings_booking_cottage_id_e0c44d3f_fk_cottages_cottage_id; Type: FK CONSTRAINT; Schema: public; Owner: postgres
--

ALTER TABLE ONLY public.bookings_booking
    ADD CONSTRAINT bookings_booking_cottage_id_e0c44d3f_fk_cottages_cottage_id FOREIGN KEY (cottage_id) REFERENCES public.cottages_cottage(id) DEFERRABLE INITIALLY DEFERRED;


--
-- Name: bookings_booking bookings_booking_user_id_834dfc23_fk_users_user_id; Type: FK CONSTRAINT; Schema: public; Owner: postgres
--

ALTER TABLE ONLY public.bookings_booking
    ADD CONSTRAINT bookings_booking_user_id_834dfc23_fk_users_user_id FOREIGN KEY (user_id) REFERENCES public.users_user(id) DEFERRABLE INITIALLY DEFERRED;


--
-- Name: cottages_cottageamenity cottages_cottageamen_amenity_id_7b15d0f6_fk_cottages_; Type: FK CONSTRAINT; Schema: public; Owner: postgres
--

ALTER TABLE ONLY public.cottages_cottageamenity
    ADD CONSTRAINT cottages_cottageamen_amenity_id_7b15d0f6_fk_cottages_ FOREIGN KEY (amenity_id) REFERENCES public.cottages_amenity(id) DEFERRABLE INITIALLY DEFERRED;


--
-- Name: cottages_cottageamenity cottages_cottageamen_cottage_id_969cceed_fk_cottages_; Type: FK CONSTRAINT; Schema: public; Owner: postgres
--

ALTER TABLE ONLY public.cottages_cottageamenity
    ADD CONSTRAINT cottages_cottageamen_cottage_id_969cceed_fk_cottages_ FOREIGN KEY (cottage_id) REFERENCES public.cottages_cottage(id) DEFERRABLE INITIALLY DEFERRED;


--
-- Name: cottages_cottageimage cottages_cottageimag_cottage_id_248d2cdb_fk_cottages_; Type: FK CONSTRAINT; Schema: public; Owner: postgres
--

ALTER TABLE ONLY public.cottages_cottageimage
    ADD CONSTRAINT cottages_cottageimag_cottage_id_248d2cdb_fk_cottages_ FOREIGN KEY (cottage_id) REFERENCES public.cottages_cottage(id) DEFERRABLE INITIALLY DEFERRED;


--
-- Name: django_admin_log django_admin_log_content_type_id_c4bce8eb_fk_django_co; Type: FK CONSTRAINT; Schema: public; Owner: postgres
--

ALTER TABLE ONLY public.django_admin_log
    ADD CONSTRAINT django_admin_log_content_type_id_c4bce8eb_fk_django_co FOREIGN KEY (content_type_id) REFERENCES public.django_content_type(id) DEFERRABLE INITIALLY DEFERRED;


--
-- Name: django_admin_log django_admin_log_user_id_c564eba6_fk_users_user_id; Type: FK CONSTRAINT; Schema: public; Owner: postgres
--

ALTER TABLE ONLY public.django_admin_log
    ADD CONSTRAINT django_admin_log_user_id_c564eba6_fk_users_user_id FOREIGN KEY (user_id) REFERENCES public.users_user(id) DEFERRABLE INITIALLY DEFERRED;


--
-- Name: leads_callbackrequest leads_callbackreques_cottage_id_52fac39d_fk_cottages_; Type: FK CONSTRAINT; Schema: public; Owner: postgres
--

ALTER TABLE ONLY public.leads_callbackrequest
    ADD CONSTRAINT leads_callbackreques_cottage_id_52fac39d_fk_cottages_ FOREIGN KEY (cottage_id) REFERENCES public.cottages_cottage(id) DEFERRABLE INITIALLY DEFERRED;


--
-- Name: payments_payment payments_payment_booking_id_2a46974b_fk_bookings_booking_id; Type: FK CONSTRAINT; Schema: public; Owner: postgres
--

ALTER TABLE ONLY public.payments_payment
    ADD CONSTRAINT payments_payment_booking_id_2a46974b_fk_bookings_booking_id FOREIGN KEY (booking_id) REFERENCES public.bookings_booking(id) DEFERRABLE INITIALLY DEFERRED;


--
-- Name: socialaccount_socialtoken socialaccount_social_account_id_951f210e_fk_socialacc; Type: FK CONSTRAINT; Schema: public; Owner: postgres
--

ALTER TABLE ONLY public.socialaccount_socialtoken
    ADD CONSTRAINT socialaccount_social_account_id_951f210e_fk_socialacc FOREIGN KEY (account_id) REFERENCES public.socialaccount_socialaccount(id) DEFERRABLE INITIALLY DEFERRED;


--
-- Name: socialaccount_socialtoken socialaccount_social_app_id_636a42d7_fk_socialacc; Type: FK CONSTRAINT; Schema: public; Owner: postgres
--

ALTER TABLE ONLY public.socialaccount_socialtoken
    ADD CONSTRAINT socialaccount_social_app_id_636a42d7_fk_socialacc FOREIGN KEY (app_id) REFERENCES public.socialaccount_socialapp(id) DEFERRABLE INITIALLY DEFERRED;


--
-- Name: socialaccount_socialapp_sites socialaccount_social_site_id_2579dee5_fk_django_si; Type: FK CONSTRAINT; Schema: public; Owner: postgres
--

ALTER TABLE ONLY public.socialaccount_socialapp_sites
    ADD CONSTRAINT socialaccount_social_site_id_2579dee5_fk_django_si FOREIGN KEY (site_id) REFERENCES public.django_site(id) DEFERRABLE INITIALLY DEFERRED;


--
-- Name: socialaccount_socialapp_sites socialaccount_social_socialapp_id_97fb6e7d_fk_socialacc; Type: FK CONSTRAINT; Schema: public; Owner: postgres
--

ALTER TABLE ONLY public.socialaccount_socialapp_sites
    ADD CONSTRAINT socialaccount_social_socialapp_id_97fb6e7d_fk_socialacc FOREIGN KEY (socialapp_id) REFERENCES public.socialaccount_socialapp(id) DEFERRABLE INITIALLY DEFERRED;


--
-- Name: socialaccount_socialaccount socialaccount_socialaccount_user_id_8146e70c_fk_users_user_id; Type: FK CONSTRAINT; Schema: public; Owner: postgres
--

ALTER TABLE ONLY public.socialaccount_socialaccount
    ADD CONSTRAINT socialaccount_socialaccount_user_id_8146e70c_fk_users_user_id FOREIGN KEY (user_id) REFERENCES public.users_user(id) DEFERRABLE INITIALLY DEFERRED;


--
-- Name: telegram_bot_telegramuser telegram_bot_telegramuser_user_id_20ea9be5_fk_users_user_id; Type: FK CONSTRAINT; Schema: public; Owner: postgres
--

ALTER TABLE ONLY public.telegram_bot_telegramuser
    ADD CONSTRAINT telegram_bot_telegramuser_user_id_20ea9be5_fk_users_user_id FOREIGN KEY (user_id) REFERENCES public.users_user(id) DEFERRABLE INITIALLY DEFERRED;


--
-- Name: users_user_groups users_user_groups_group_id_9afc8d0e_fk_auth_group_id; Type: FK CONSTRAINT; Schema: public; Owner: postgres
--

ALTER TABLE ONLY public.users_user_groups
    ADD CONSTRAINT users_user_groups_group_id_9afc8d0e_fk_auth_group_id FOREIGN KEY (group_id) REFERENCES public.auth_group(id) DEFERRABLE INITIALLY DEFERRED;


--
-- Name: users_user_groups users_user_groups_user_id_5f6f5a90_fk_users_user_id; Type: FK CONSTRAINT; Schema: public; Owner: postgres
--

ALTER TABLE ONLY public.users_user_groups
    ADD CONSTRAINT users_user_groups_user_id_5f6f5a90_fk_users_user_id FOREIGN KEY (user_id) REFERENCES public.users_user(id) DEFERRABLE INITIALLY DEFERRED;


--
-- Name: users_user_user_permissions users_user_user_perm_permission_id_0b93982e_fk_auth_perm; Type: FK CONSTRAINT; Schema: public; Owner: postgres
--

ALTER TABLE ONLY public.users_user_user_permissions
    ADD CONSTRAINT users_user_user_perm_permission_id_0b93982e_fk_auth_perm FOREIGN KEY (permission_id) REFERENCES public.auth_permission(id) DEFERRABLE INITIALLY DEFERRED;


--
-- Name: users_user_user_permissions users_user_user_permissions_user_id_20aca447_fk_users_user_id; Type: FK CONSTRAINT; Schema: public; Owner: postgres
--

ALTER TABLE ONLY public.users_user_user_permissions
    ADD CONSTRAINT users_user_user_permissions_user_id_20aca447_fk_users_user_id FOREIGN KEY (user_id) REFERENCES public.users_user(id) DEFERRABLE INITIALLY DEFERRED;


--
-- PostgreSQL database dump complete
--

\unrestrict 91BSSBrDOWhOGG58ABW2noNoeKs7hgfgjEECvwXU7Q51ZmOT1nlXHObjVWeRXio

